{
  "sos": [
    [
      3.69914410350769e-10,
      7.39828820701538e-10,
      3.69914410350769e-10,
      1.0,
      -1.827359843032197,
      0.8489643376695875
    ],
    [
      1.0,
      2.0,
      1.0,
      1.0,
      -1.838135382669418,
      0.850944347345405
    ],
    [
      1.0,
      2.0,
      1.0,
      1.0,
      -1.8601366280517893,
      0.8892901014192394
    ],
    [
      1.0,
      2.0,
      1.0,
      1.0,
      -1.889195419918135,
      0.8953500188038381
    ],
    [
      1.0,
      -2.0,
      1.0,
      1.0,
      -1.9320314660709084,
      0.9357477884870119
    ],
    [
      1.0,
      -2.0,
      1.0,
      1.0,
      -1.924423668293538,
      0.9586072811802293
    ],
    [
      1.0,
      -2.0,
      1.0,
      1.0,
      -1.9617188679340323,
      0.9645701412357
    ],
    [
      1.0,
      -2.0,
      1.0,
      1.0,
      -1.9860143055132429,
      0.9885636347381251
    ]
  ],
  "fs": 1000.0,
  "band": [
    8,
    30
  ]
}